<?xml version="1.0" encoding="UTF-8"?>
<configuration>

    <appender name="FILE" class="ch.qos.logback.core.FileAppender">
        <file>E://new-year-application/new-year.log</file>
        <layout class="ch.qos.logback.classic.PatternLayout">
            <Pattern>
                %d{yyyy-MM-dd HH:mm:ss} %-5level %logger{36} - %msg%n
            </Pattern>
        </layout>
    </appender>
    <appender name="STDOUT" class="ch.qos.logback.core.ConsoleAppender">
        <layout class="ch.qos.logback.classic.PatternLayout">
            <Pattern>
                %d{yyyy-MM-dd HH:mm:ss} %-5level %logger{36} - %msg%n
            </Pattern>
        </layout>
    </appender>


    <logger name="com.xworkz.app" level="info" additivity="false">
        <appender-ref ref="FILE" />
        <appender-ref ref="STDOUT" />

    </logger>

    <root level="error">
        <appender-ref ref="FILE" />
        <appender-ref ref="STDOUT" />

    </root>

</configuration>